<?xml version="1.0"?>
<!DOCTYPE hibernate-mapping PUBLIC "-//Hibernate/Hibernate Mapping DTD 3.0//EN"
"http://www.hibernate.org/dtd/hibernate-mapping-3.0.dtd">
<!-- Generated 22 f?vr. 2014 10:53:48 by Hibernate Tools 3.6.0 -->
<hibernate-mapping>
    <class name="modele.metier.Commande" table="commande" catalog="ecobio">
        <id name="id" type="java.lang.Integer">
            <column name="id" />
            <generator class="identity" />
        </id>
        <many-to-one name="etat" class="modele.metier.Etat" fetch="select">
            <column name="etatId" not-null="true" />
        </many-to-one>
        <many-to-one name="user" class="modele.metier.User" fetch="select">
            <column name="userId" not-null="true" />
        </many-to-one>
        <property name="dateCreation" type="timestamp">
            <column name="dateCreation" length="19" not-null="true" />
        </property>
        <property name="prixTotal" type="java.lang.Float">
            <column name="prixTotal" precision="12" scale="0" />
        </property>
        <property name="quantiteTotal" type="java.lang.Integer">
            <column name="quantiteTotal" />
        </property>
        <set name="commandeHasProduits" table="commande_has_produit" inverse="true" lazy="false" fetch="join">
            <key>
                <column name="commandeId" not-null="true" />
            </key>
            <one-to-many class="modele.metier.CommandeHasProduit" />
        </set>
    </class>
</hibernate-mapping>
