<?xml version="1.0"?>
<!DOCTYPE hibernate-mapping PUBLIC "-//Hibernate/Hibernate Mapping DTD 3.0//EN"
"http://www.hibernate.org/dtd/hibernate-mapping-3.0.dtd">
<!-- Generated 22 f?vr. 2014 10:53:48 by Hibernate Tools 3.6.0 -->
<hibernate-mapping>
    <class name="modele.metier.Etat" table="etat" catalog="ecobio">
        <id name="id" type="int">
            <column name="id" />
            <generator class="assigned" />
        </id>
        <property name="nom" type="string">
            <column name="nom" length="45" not-null="true" />
        </property>
        <set name="commandes" table="commande" inverse="true" lazy="true" fetch="select">
            <key>
                <column name="etatId" not-null="true" />
            </key>
            <one-to-many class="modele.metier.Commande" />
        </set>
    </class>
</hibernate-mapping>
