<?xml version="1.0"?>
<!DOCTYPE hibernate-mapping PUBLIC "-//Hibernate/Hibernate Mapping DTD 3.0//EN"
"http://www.hibernate.org/dtd/hibernate-mapping-3.0.dtd">
<!-- Generated 22 f?vr. 2014 10:53:48 by Hibernate Tools 3.6.0 -->
<hibernate-mapping>
    <class name="modele.metier.Produit" table="produit" catalog="ecobio">
        <id name="id" type="java.lang.Integer">
            <column name="id" />
            <generator class="identity" />
        </id>
        <many-to-one name="type" class="modele.metier.Type" fetch="select">
            <column name="typeId" not-null="true" />
        </many-to-one>
        <property name="nom" type="string">
            <column name="nom" length="45" />
        </property>
        <property name="prix" type="int">
            <column name="prix" not-null="true" />
        </property>
        <property name="image" type="string">
            <column name="image" length="45" not-null="true" />
        </property>
        <property name="description" type="string">
            <column name="description" length="45" not-null="true" />
        </property>
        <set name="produitHasUsers" table="produit_has_user" inverse="true" lazy="false" fetch="join">
            <key>
                <column name="produitId" not-null="true" />
            </key>
            <one-to-many class="modele.metier.ProduitHasUser" />
        </set>
        <set name="encheres" table="enchere" inverse="true" lazy="true" fetch="select">
            <key>
                <column name="produitId" not-null="true" />
            </key>
            <one-to-many class="modele.metier.Enchere" />
        </set>
        <set name="commandeHasProduits" table="commande_has_produit" inverse="true" lazy="false" fetch="join">
            <key>
                <column name="produitId" not-null="true" />
            </key>
            <one-to-many class="modele.metier.CommandeHasProduit" />
        </set>
    </class>
</hibernate-mapping>
