<?xml version="1.0"?>
<!DOCTYPE hibernate-mapping PUBLIC "-//Hibernate/Hibernate Mapping DTD 3.0//EN"
"http://www.hibernate.org/dtd/hibernate-mapping-3.0.dtd">
<!-- Generated 22 f?vr. 2014 10:53:48 by Hibernate Tools 3.6.0 -->
<hibernate-mapping>
    <class name="modele.metier.ProduitHasUser" table="produit_has_user" catalog="ecobio">
        <id name="id" type="java.lang.Integer">
            <column name="id" />
            <generator class="identity" />
        </id>
        <many-to-one name="produit" class="modele.metier.Produit" fetch="select">
            <column name="produitId" not-null="true" />
        </many-to-one>
        <many-to-one name="user" class="modele.metier.User" fetch="select">
            <column name="userId" not-null="true" />
        </many-to-one>
        <property name="quantiteInit" type="int">
            <column name="quantiteInit" not-null="true" />
        </property>
        <property name="quantite" type="int">
            <column name="quantite" not-null="true" />
        </property>
    </class>
</hibernate-mapping>
