<?xml version="1.0"?>
<!DOCTYPE hibernate-mapping PUBLIC "-//Hibernate/Hibernate Mapping DTD 3.0//EN"
"http://www.hibernate.org/dtd/hibernate-mapping-3.0.dtd">
<!-- Generated 22 f?vr. 2014 10:53:48 by Hibernate Tools 3.6.0 -->
<hibernate-mapping>
    <class name="modele.metier.Saison" table="saison" catalog="ecobio">
        <id name="nom" type="string">
            <column name="nom" length="45" />
            <generator class="assigned" />
        </id>
        <set name="types" table="type_has_saison" inverse="false" lazy="true" fetch="select">
            <key>
                <column name="saison_nom" length="45" not-null="true" />
            </key>
            <many-to-many entity-name="modele.metier.Type">
                <column name="type_id" not-null="true" />
            </many-to-many>
        </set>
    </class>
</hibernate-mapping>
