<?xml version="1.0"?>
<!DOCTYPE hibernate-mapping PUBLIC "-//Hibernate/Hibernate Mapping DTD 3.0//EN"
"http://www.hibernate.org/dtd/hibernate-mapping-3.0.dtd">
<!-- Generated 22 f?vr. 2014 10:53:48 by Hibernate Tools 3.6.0 -->
<hibernate-mapping>
    <class name="modele.metier.Type" table="type" catalog="ecobio">
        <id name="id" type="java.lang.Integer">
            <column name="id" />
            <generator class="identity" />
        </id>
        <property name="nom" type="string">
            <column name="nom" length="45" not-null="true" />
        </property>
        <set name="saisons" table="type_has_saison" inverse="false" lazy="true" fetch="select">
            <key>
                <column name="type_id" not-null="true" />
            </key>
            <many-to-many entity-name="modele.metier.Saison">
                <column name="saison_nom" length="45" not-null="true" />
            </many-to-many>
        </set>
        <set name="produits" table="produit" inverse="true" lazy="true" fetch="select">
            <key>
                <column name="typeId" not-null="true" />
            </key>
            <one-to-many class="modele.metier.Produit" />
        </set>
    </class>
</hibernate-mapping>
