<?xml version="1.0"?>
<!DOCTYPE hibernate-mapping PUBLIC "-//Hibernate/Hibernate Mapping DTD 3.0//EN"
"http://www.hibernate.org/dtd/hibernate-mapping-3.0.dtd">
<!-- Generated 22 f?vr. 2014 10:53:48 by Hibernate Tools 3.6.0 -->
<hibernate-mapping>
    <class name="modele.metier.User" table="user" catalog="ecobio">
        <id name="id" type="java.lang.Integer">
            <column name="id" />
            <generator class="identity" />
        </id>
        <property name="nom" type="string">
            <column name="nom" length="45" not-null="true" />
        </property>
        <property name="prenom" type="string">
            <column name="prenom" length="45" not-null="true" />
        </property>
        <property name="login" type="string">
            <column name="login" length="45" not-null="true" />
        </property>
        <property name="email" type="string">
            <column name="email" length="45" not-null="true" />
        </property>
        <property name="rue" type="string">
            <column name="rue" length="45" not-null="true" />
        </property>
        <property name="cp" type="int">
            <column name="cp" not-null="true" />
        </property>
        <property name="ville" type="string">
            <column name="ville" length="45" not-null="true" />
        </property>
        <property name="type" type="java.lang.Boolean">
            <column name="type" />
        </property>
        <property name="password" type="string">
            <column name="password" length="45" not-null="true" />
        </property>
        <set name="evenements" table="evenement" inverse="true" lazy="true" fetch="select">
            <key>
                <column name="userId" not-null="true" />
            </key>
            <one-to-many class="modele.metier.Evenement" />
        </set>
        <set name="commandes" table="commande" inverse="true" lazy="true" fetch="select">
            <key>
                <column name="userId" not-null="true" />
            </key>
            <one-to-many class="modele.metier.Commande" />
        </set>
        <set name="produitHasUsers" table="produit_has_user" inverse="true" lazy="false" fetch="join">
            <key>
                <column name="userId" not-null="true" />
            </key>
            <one-to-many class="modele.metier.ProduitHasUser" />
        </set>
        <set name="evenements_1" table="user_has_evenement" inverse="false" lazy="false" fetch="join">
            <key>
                <column name="userId" not-null="true" />
            </key>
            <many-to-many entity-name="modele.metier.Evenement">
                <column name="evenementId" not-null="true" />
            </many-to-many>
        </set>
    </class>
</hibernate-mapping>
